{"cameraMode":{"drawMode":0,"name":"Shaded","section":"Shading Mode"},"sceneLighting":true,"audioPlay":false,"sceneViewState":{"showFog":true,"showMaterialUpdate":false,"showSkybox":true,"showFlares":true,"showImageEffects":true,"showParticleSystems":true},"in2DMode":false,"pivot":{"x":8.383095741271973,"y":-2.6787703037261965,"z":-34.217529296875},"rotation":{"x":-0.10264120995998383,"y":-0.5038052797317505,"z":0.06044080853462219,"w":-0.8555653095245361},"size":15.185874938964844,"orthographic":false}