{"cameraMode":{"drawMode":0,"name":"Shaded","section":"Shading Mode"},"sceneLighting":true,"audioPlay":false,"sceneViewState":{"showFog":true,"showMaterialUpdate":false,"showSkybox":true,"showFlares":true,"showImageEffects":true,"showParticleSystems":true},"in2DMode":false,"pivot":{"x":-3.564218282699585,"y":1.1097886562347413,"z":-40.651206970214847},"rotation":{"x":-0.14781717956066132,"y":-0.07647061347961426,"z":0.011464363895356655,"w":-0.9859873652458191},"size":2.307579755783081,"orthographic":false}